{"mean_accuracy": 0.08088761632068718, "best_C": 0.4721794699106877, "best_n_components": 51}