{"mean_accuracy": 0.3322222222222222, "best_C": 9.870005563464016, "best_n_components": 48}