{"mean_accuracy": 0.21555555555555556, "best_C": 0.10301782629663213, "best_n_components": 48}