{"mean_accuracy": 0.46555555555555556, "best_C": 0.08941169842366135, "best_n_components": 39}