{"mean_accuracy": 0.5055555555555555, "best_C": 0.07150483973878327, "best_n_components": 56}