{"mean_accuracy": 0.20555555555555555, "best_C": 0.08584400002862833, "best_n_components": 38}