{"mean_accuracy": 0.20555555555555555, "best_C": 0.10301782629663213, "best_n_components": 48}